title,url,color,img_url,price,category,sub_category,brand,brand_originary,guarantee_time,materials,size,model
Nồi áp suất Elmich PCE-1805 dung tích 2.5L - Hàng Chính Hãng,https://tka.tiki.vn/pixel/pixel?data=45ZYE2cpS6jJdPfcrtAOOw7YTJGzc9es_gww06Sny_rJk6E0AN3NGrtKaK83gM9DaBULxUlAxmvRX63F1yYP5FBRAXgwvyvhrXcf3eILuo5438s9PoXPv2KtOvVdAPen7UAOu3YYQvdwD9egp8NfXVBj9URAI9uioHX7LYMTSFnsxX7WzDwgDcLDinfCYal_HkmVILQ6uiOFbdp9wDy4nwxYbPaweO9oymWDSf_dLhfXJBA9Ek9KlYCl-ZxgzMwRsnzMqDDSH1BG94ry5PoGZEYF0mzr3SnLQ9chyBk1VTzaJiKLqzFD554Pxg4iNJD8aj7GFS5dMXtKhuF_QDL4WJNVhWjqY5Q1c4nQByc98uzgA6WRimocEGrckPJ3upGtNNNgk2g7td-cvEKKs2nsqX4UvH4Dm76-g65FQ8NLwShuCzP4Vww06fPthNklowaCOX4MiOwsXKicnUvtq1Jn2E-GhUKmqne2cLaIFX2nmT0eK3rkITuxSJ5piCC7c9-wHfpKMyaYe5sOUy2W9w0Ssx8pGh3JBHdhICHnthjkfyu-x-JG88ttCX38xRl6w6ZAKvs0fwX1ptHhskL_qCESaMWBsDCC25D0bCAVeNMVuGz0jGDfXQOJvkQmEDsymcYdXCdyLMO_9-V4cl6UBWdZ7pEvZaXPtaKWUocKt1EY6gKxccC_T-w_sZHnBoqrhjzQwJvJ1RC51Bfe1tSY2E6Sm6el7HqiO4-DD18ogCSzrhZDxo2EcKGZQceyi5J-RtUx-T_8w_a6ai-l6oDOBOqUCp5lBZwKalH4xTfr4bQAr7CrYJhrJBQwW3d9yT8M5W78wfoY6aMB-ZYPRvaXQvnMWhb2PzD5ZOjQ7Xa8UhkYt_mDKpRHKBV7LlJxZS8wVmdnVN6nKNXHlfz78uRWZnQzjXMtLtRjqbwhUydPrsyTD0pFaqmAXHP9D5OGMmmdCGLVfaCBbqK6Qm63bhKkHrOnStFk-uPB5_MzjNEhVgQtQGTud-y3PeKYjL8y-tpelAFFZNfXvcCzxFjh1a5a8UkYz4NtKeq5EDw63_1lNj7lpuMM025B3OHPiAc3GD6LVCVNcwLZU1NuxdfZBVqOPMBwBds9UigVPk5PxBZhyfIn5CCag9BtUymyo1Kfq9hd2R1WxQQ-VcHfhUc79mRoZXHUKjTMBc7cU8Kpl75zFa7p3zFc52wbkqlhJmNj52cCdn4OBjfoi-6twFEH7fmCBVcZq3JfAa1d8PTvrEDpUU0W0QTX2Z4MuK9wQ2w65YdGnTxyaztkRtrZCECrQyqok3YeBkQ7QUASw2I5OSbAlHQvnzQl-20OSpYj2-B7-EI0VrLZltNVyFRyro4FeIRNhvzg6TxVAkJgrS4&reqid=VzpYpZZCcIXH1FDL&type=CLICK&pos=1,Xanh,"https://salt.tikicdn.com/cache/750x750/ts/product/27/f7/56/c959903143056408f9793563165ec12f.jpg 1x, https://salt.tikicdn.com/cache/750x750/ts/product/27/f7/56/c959903143056408f9793563165ec12f.jpg 2x",720.000,Đồ dùng nhà bếp,Nồi điện các loại,Elmich,,,"Nhôm, nhựa cao cấp, lòng nồi nhôm nguyên chất phủ chống dính Whitford",36x30x24cm,
Nồi áp suất Elmich PCE-1805 dung tích 2.5L - Hàng Chính Hãng,https://tka.tiki.vn/pixel/pixel?data=45ZYE2cpS6jJdPfcrtAOOw7YTJGzc9es_gww06Sny_rJk6E0AN3NGrtKaK83gM9DaBULxUlAxmvRX63F1yYP5FBRAXgwvyvhrXcf3eILuo5438s9PoXPv2KtOvVdAPen7UAOu3YYQvdwD9egp8NfXVBj9URAI9uioHX7LYMTSFnsxX7WzDwgDcLDinfCYal_HkmVILQ6uiOFbdp9wDy4nwxYbPaweO9oymWDSf_dLhfXJBA9Ek9KlYCl-ZxgzMwRsnzMqDDSH1BG94ry5PoGZEYF0mzr3SnLQ9chyBk1VTzaJiKLqzFD554Pxg4iNJD8aj7GFS5dMXtKhuF_QDL4WJNVhWjqY5Q1c4nQByc98uzgA6WRimocEGrckPJ3upGtNNNgk2g7td-cvEKKs2nsqX4UvH4Dm76-g65FQ8NLwShuCzP4Vww06fPthNklowaCOX4MiOwsXKicnUvtq1Jn2E-GhUKmqne2cLaIFX2nmT0eK3rkITuxSJ5piCC7c9-wHfpKMyaYe5sOUy2W9w0Ssx8pGh3JBHdhICHnthjkfyu-x-JG88ttCX38xRl6w6ZAKvs0fwX1ptHhskL_qCESaMWBsDCC25D0bCAVeNMVuGz0jGDfXQOJvkQmEDsymcYdXCdyLMO_9-V4cl6UBWdZ7pEvZaXPtaKWUocKt1EY6gKxccC_T-w_sZHnBoqrhjzQwJvJ1RC51Bfe1tSY2E6Sm6el7HqiO4-DD18ogCSzrhZDxo2EcKGZQceyi5J-RtUx-T_8w_a6ai-l6oDOBOqUCp5lBZwKalH4xTfr4bQAr7CrYJhrJBQwW3d9yT8M5W78wfoY6aMB-ZYPRvaXQvnMWhb2PzD5ZOjQ7Xa8UhkYt_mDKpRHKBV7LlJxZS8wVmdnVN6nKNXHlfz78uRWZnQzjXMtLtRjqbwhUydPrsyTD0pFaqmAXHP9D5OGMmmdCGLVfaCBbqK6Qm63bhKkHrOnStFk-uPB5_MzjNEhVgQtQGTud-y3PeKYjL8y-tpelAFFZNfXvcCzxFjh1a5a8UkYz4NtKeq5EDw63_1lNj7lpuMM025B3OHPiAc3GD6LVCVNcwLZU1NuxdfZBVqOPMBwBds9UigVPk5PxBZhyfIn5CCag9BtUymyo1Kfq9hd2R1WxQQ-VcHfhUc79mRoZXHUKjTMBc7cU8Kpl75zFa7p3zFc52wbkqlhJmNj52cCdn4OBjfoi-6twFEH7fmCBVcZq3JfAa1d8PTvrEDpUU0W0QTX2Z4MuK9wQ2w65YdGnTxyaztkRtrZCECrQyqok3YeBkQ7QUASw2I5OSbAlHQvnzQl-20OSpYj2-B7-EI0VrLZltNVyFRyro4FeIRNhvzg6TxVAkJgrS4&reqid=VzpYpZZCcIXH1FDL&type=CLICK&pos=1,Đen,"https://salt.tikicdn.com/cache/750x750/ts/product/ab/b5/de/86e584a77eb24801aed7c54e4191c8e0.jpg 1x, https://salt.tikicdn.com/cache/750x750/ts/product/ab/b5/de/86e584a77eb24801aed7c54e4191c8e0.jpg 2x",700.200,Đồ dùng nhà bếp,Nồi điện các loại,Elmich,,,"Nhôm, nhựa cao cấp, lòng nồi nhôm nguyên chất phủ chống dính Whitford",36x30x24cm,
Bình Đun Siêu Tốc 2 Lớp Lock&Lock EJK738BLK (1.7L) - Hàng Chính Hãng,https://tka.tiki.vn/pixel/pixel?data=ROEWg99AUZlP9n0KCaQ3hKbW4x1J1CDiHJqxpDfV_x7P_3YCGC_Vux1kfI4jbSLcpA1wJ1JwawicZzMht76Xx_uhq6oI98uoKev6pCFvnzYUxb6R1dKb8XBLRsFzu0E4Bwk67vPoCJQOhqP7mdy_g1Zfdtf9p9iBwLFEF9lHrRUsCWZNtQhvc4lgebr0jONSiYU6JZZUJTRGfsCQPXeBkyXGpdEtlasFZVA6721cKL_i7CpjTOJ6AdoUh5tFHXyzr4cyRH6HsUr2NizsdNGXGKEJNV8vvlZTpr3WsUNjKBj7a-0s-bLpTYxLdJ1wJIXfYKoBOQ6m7zAKDkgHIljTInCIqp2NnHyRvBINRHvw9flGbBG7Nxbcpc3IImIMLVmzER8KLe4B2EWXCAEOLQY7fJX5ZuUhyo8DRcwDvopLfBb7F5C6Zq0sYIL9bNiSltkFGg07DFji5rzzkjO84VTGQlSosi6XWPJshSeh0AAKsIR9Gj_9_pxFQ_iMdBMycPwNuNU1Dwpf6S-1eI5YHgBymUlGLFiLf9qIbxaotMUpYWl7GHymXwtlX_cx7k6RG2FIf969UM5SL5rcn1RJdXnAYns8DldSbbM4dX_igWhnjZLB2mlTCM_xU0sCXkyPo-4An0YbZJkR3tgHpvJIGKOGCAwtcDR6iSQ44Zhp4vmrA1AkMmflRqQUEBUUycMzpyPtC_zITyNvT2kcBiGbEye6IobVdzxHUG8OYeGaj1I6Y-EHLfAsjX36WALTHf7azLtehxwcSxYFzen4DI2iTiJ6fIBhZtwGUSYwpLI3EakQKSju0k3QptB6gcG8rDP5o7vHXgS7FwJcyZIoqM6aJDUcmhpq-f3cxBJvo_fiV9DyjOJsoWjUJEVYeVNl7SY5eh8w27gLPb600R0zlZ4sLUrdES7gxefqNfBRd1usaW-ltt1jHPsuvEE1OrykFgo_shRf02oRsws5OzKwKgk-tKCIe2YUkU9Pp6brV_f4D2gO5LwSxjiS7XvbHv0-HzXAiABLpxhwJ1N3tVY-Unsx5M0ZycMvhiq80aHdF1DWxmNxyq_dQNXyGxUgffH3lAZiZPmC3ZBBJdsiXLZizpGugrOz5Qyqwv8DAZgXYGPWWFnpTVAHA3PhDucvXQyZlkznG3INsKlcYIHXfK1xTjOFQB2-I2RDYeB_1s7A-wnTixdCinR6AXc4zRAJjFjyTz45e0Ac7bjSwHtd2jiyaOXsSfRhgL7o8abYmfw8DappCHDO1pWJIKeFeHjTavUejJ-iohFcE40-HSEIxIQVfjRQfK7qPB3i_tzwBwH8wHJyYzXdCWMjAdH-6qq16x6mqA&reqid=VzpYpZZCcIXH1FDL&type=CLICK&pos=2,Đen,"https://salt.tikicdn.com/cache/750x750/media/catalog/producttmp/76/30/87/c4b987fe1c36adc337fe2424b45cec88.jpg 1x, https://salt.tikicdn.com/cache/750x750/media/catalog/producttmp/76/30/87/c4b987fe1c36adc337fe2424b45cec88.jpg 2x",366.390,Đồ dùng nhà bếp,Bình đun siêu tốc,LocknLock,,,,25 x 15.5 cm,
Ấm Điện Thủy Tinh Siêu Tốc Có Điều Chỉnh Nhiệt Độ Lock&Lock EJK341 (1.8L) - Hàng chính hãng,https://tka.tiki.vn/pixel/pixel?data=Vfwd0rO25oVNyAEqC5jmT1vKIsaYApB-mzPmK0-oVJSnvy5j9pcGrcBRJqpv2It8i87Afg3FUfzhDOZ1Xc1vYZqqmrFhBjG859tsz99PrphE8QUBGbODHkTS7vYL6AAGD0tpHwj3hd2mGoYba9KbL4-RJgGjguiL3fVXTBskK-yU3L8A7Zpl0T-x3X4xg-YhxM_4tnPLsytO5CZK2-qCvUC129NGKPJHnNko2LBgw8s2oCklHtkE_Eg6NGpM6ZNr9VkbcE1fKGUgHJ-BtjBs0o3ub9aK9VVbIN-WMRviZ5V8I7GlCIobz-ihjPyKsf47OC5Dhdsx_1fcPw68SDoASWl43YzRkaqB1_9oRukOW2hPaiE-OErBtgpRgw5dz6zQxrmPhQdd0nQ0eXa9hlZxB56QFyUtDZIPRgxxwP48unZqxuR2bVQub44kfZxBkYOjI54-C_oNk_FPanGNOBzdGBghCjLVxKRAmemdl1dQq46ZZ9POEsTJYPH-u05FCxHWLNNJZLWtjgh0WucTwFX7DjLBHrgAyBJxYL9lOkjKIAfmaUgQsRZwDVd3M0IGRsKlpNFKmqS7gs2dsccGR2pk2S9CkWG30UhpHse4zNHVg8SL_AJTXZATPgqjFK6WG7TooeWXi_gNzaR22XvXhObu-bg2tvA5qEfq6_SBgRtRPuXSvFREre1qKylcgdZYnirmr0cAY8ZJqY319vxEaSFpzn2CyA8FBBosfKBvhNHaxiv_z_kFwn1AC1y8vFZ3yJ_Rl5P-JLL9-R4wjj1_BMSMUNhJ0Cb-IRqP1frV6priivjXOVGmMb8zc3bIhNmjIz6vvY0F_VlBgsCvtbHGKF_JNJTp1d1GRRrsPtqHZDgpBABx-CKegkzIrWvwsRlvwdCVo6ScM9I0NW2qrJmhLw3xJ1Wz25XbSCmfnG7ZlsxAn0maCaEmbpbyLaIwn90ftl8kTgYHD9u5NAXwN_Q-tp4D5C48qKU5uUo3kSxW2TMqOXn0jE9TsxQ9icac2YopNjUx32R90C4oYk6ZndzVPMUIflp961ngBphhMagpC4Qdv9i4Pil9kLv6C2vxDn_hwuh0NRjR9MCd2EvLZHIk8nY50u7Gg_zEcHD8jtjybXwCPI9rNYnAfAnQUXkReenLJKNfnNgko-t1NfzirdExZ4_sZ1znI6s8TAaMkh-92dy4RFjh8ul3LIG-YTSNUS6GWo9m6YRKLdhbVdddlL5rJLYN4Skm6Nd2R352P6rUVA4HH_5ZJhx08Pf9aEWAbMoQZl7kJzgUGZCsLh9GCqvmPaeYBOJwVuV23MVlvpwr2wcKCfr1nbYXAEAHF7uK5DxpdPnczugJ_2ZSoK20MWdWjGljYhuB1mIuMzx0oxHAeF2LBMzPOQ&reqid=VzpYpZZCcIXH1FDL&type=CLICK&pos=3,,"https://salt.tikicdn.com/cache/750x750/ts/product/0e/a9/c7/f859ea0995229bcc5cd8cf134648373e.jpg 1x, https://salt.tikicdn.com/cache/750x750/ts/product/0e/a9/c7/f859ea0995229bcc5cd8cf134648373e.jpg 2x",550.107,Đồ dùng nhà bếp,Bình đun siêu tốc,LocknLock,,,,20 x 25 x 14 cm,
Máy Vắt Cam Lock&Lock EJJ231 (40W) - Hàng chính hãng,https://tka.tiki.vn/pixel/pixel?data=6peauBOCFomABmcI-GqzUFUSZAM7U16A5Vc-3doG_8dT6GUiacDkrN-VTw6HEZtJ9ATzlbSnrP04qP7VM6N2jh7xDQvmhho58r_KAxM1lHXnbz3dSS6A0UgIT7JQ57sB28rfjMIrRS8ST48b4IqNsFXGLa9G-DaGyAe0lGEtMcMqCbt5pPNv49BKEpxKGTSU-KrwXD0kX_mnNoa9od2vkbMUpoxI40Och2jr31vGXBoYpE5LyiVU4jOKNC4mG2SadUzkeQBjlWOl4AaWIGEoDO0rdLyuyMMU6MUw4WvjWrkRRFvaVV9fFdDDj0r0TArPr2DcOl-n1xBbZZy9Lzhzacm7Ncy0D5Lbx7hb3I0QEyTbiyjNoaLEZn0Ke7ZAoYd9oyiVP5RuwxLYzB75qyhzYZU_vboYBUrmBoCJijP1lFLbgVXux3d4FSmH1ghG6EeDQ29lXFrS3RD6ikOpb0T3IxEYhMy6dZGN2zWOir5bWjmdMKLqWidlfNF3925vetNkkeg0Bn0--iD04Bwg9PnERClKrzJLtdH2pP4WQYNh3UmnPh1GI8f00ZTKvc0xGnI5OjbSK99YkLk66VaVnorWLxiMg-cvoQLQtuUAuD9wsZF375MLSKVWRclyqHY9PRSo5O9AnLvpIIFlGPBDX1L_WsB1VHxkucpgd6NZIohniA9x4O1-KvICX_LTFxs1MxZ6LAHp35o8d8jWH5UaoU3D7P93jNO6XpmBxP3reiSyP3NXGE7PDKnfq92550dkRNQNSExUGq4joNGO-qYocep72BHRnuo7zTVqjaMN9EB2n_K-hOObTat1f9_jTbazg5b4HR6LWkD3Dlj1626Kj_NlKL58eYXl9Ts-pik0VcaHXUqAmwMIyaaX2pGMhkJmqxbhMA8a5mb5h8wz3_LyYr4biWag-NEHOtNa1LJcCSsgJnqYONRR_yTl2m7Nk42EhOPL_IsY-CRGmv6hs7juK8iJK9hgHhbJOeNFNPw9a52HXIKRyDOfrWmdI_pQDrNvCE25dr7mUyvWI6Aio-3M6ryB1pt7PL-EKGRwI9-G3um8LCRtSHD-ruu1xZClLoYZTQBD2HuPqwNVFK-qMoTZFXXH1zfM__KAW2jiBCVip0LV_DCsaNAztGzSI6mg1e6nlmq9LyL0jpPKREIZldzO78h3gtPXzk42EARlqGK9bE8O3AaOjd-dwa_pUOF8Ab5su4LZQV5TMzHfeJ9EExLQb8PmKcNusvkaWt5AWH22E4WBoPb06Di0uJFbAAJwntzAmbbKjvYJPgWL-Z-npdbIqEUaM-UahAYkN3X5sedd_WNGLwtOOTC5LH-6hCXgOA&reqid=VzpYpZZCcIXH1FDL&type=CLICK&pos=4,Ngà,"https://salt.tikicdn.com/cache/750x750/media/catalog/producttmp/95/43/fe/5610fb5422ea174eb7e22bc63c127b2f.jpg 1x, https://salt.tikicdn.com/cache/750x750/media/catalog/producttmp/95/43/fe/5610fb5422ea174eb7e22bc63c127b2f.jpg 2x",208.192,Đồ dùng nhà bếp,"Máy xay, máy ép",LocknLock,,,,Cao 20 cm - Ngang 19 cm - Sâu 14 cm,
Máy Vắt Cam Lock&Lock EJJ231 (40W) - Hàng chính hãng,https://tka.tiki.vn/pixel/pixel?data=6peauBOCFomABmcI-GqzUFUSZAM7U16A5Vc-3doG_8dT6GUiacDkrN-VTw6HEZtJ9ATzlbSnrP04qP7VM6N2jh7xDQvmhho58r_KAxM1lHXnbz3dSS6A0UgIT7JQ57sB28rfjMIrRS8ST48b4IqNsFXGLa9G-DaGyAe0lGEtMcMqCbt5pPNv49BKEpxKGTSU-KrwXD0kX_mnNoa9od2vkbMUpoxI40Och2jr31vGXBoYpE5LyiVU4jOKNC4mG2SadUzkeQBjlWOl4AaWIGEoDO0rdLyuyMMU6MUw4WvjWrkRRFvaVV9fFdDDj0r0TArPr2DcOl-n1xBbZZy9Lzhzacm7Ncy0D5Lbx7hb3I0QEyTbiyjNoaLEZn0Ke7ZAoYd9oyiVP5RuwxLYzB75qyhzYZU_vboYBUrmBoCJijP1lFLbgVXux3d4FSmH1ghG6EeDQ29lXFrS3RD6ikOpb0T3IxEYhMy6dZGN2zWOir5bWjmdMKLqWidlfNF3925vetNkkeg0Bn0--iD04Bwg9PnERClKrzJLtdH2pP4WQYNh3UmnPh1GI8f00ZTKvc0xGnI5OjbSK99YkLk66VaVnorWLxiMg-cvoQLQtuUAuD9wsZF375MLSKVWRclyqHY9PRSo5O9AnLvpIIFlGPBDX1L_WsB1VHxkucpgd6NZIohniA9x4O1-KvICX_LTFxs1MxZ6LAHp35o8d8jWH5UaoU3D7P93jNO6XpmBxP3reiSyP3NXGE7PDKnfq92550dkRNQNSExUGq4joNGO-qYocep72BHRnuo7zTVqjaMN9EB2n_K-hOObTat1f9_jTbazg5b4HR6LWkD3Dlj1626Kj_NlKL58eYXl9Ts-pik0VcaHXUqAmwMIyaaX2pGMhkJmqxbhMA8a5mb5h8wz3_LyYr4biWag-NEHOtNa1LJcCSsgJnqYONRR_yTl2m7Nk42EhOPL_IsY-CRGmv6hs7juK8iJK9hgHhbJOeNFNPw9a52HXIKRyDOfrWmdI_pQDrNvCE25dr7mUyvWI6Aio-3M6ryB1pt7PL-EKGRwI9-G3um8LCRtSHD-ruu1xZClLoYZTQBD2HuPqwNVFK-qMoTZFXXH1zfM__KAW2jiBCVip0LV_DCsaNAztGzSI6mg1e6nlmq9LyL0jpPKREIZldzO78h3gtPXzk42EARlqGK9bE8O3AaOjd-dwa_pUOF8Ab5su4LZQV5TMzHfeJ9EExLQb8PmKcNusvkaWt5AWH22E4WBoPb06Di0uJFbAAJwntzAmbbKjvYJPgWL-Z-npdbIqEUaM-UahAYkN3X5sedd_WNGLwtOOTC5LH-6hCXgOA&reqid=VzpYpZZCcIXH1FDL&type=CLICK&pos=4,Trắng,"https://salt.tikicdn.com/cache/750x750/media/catalog/producttmp/7f/d0/2d/aac8b8cba837517fa4765c445e7421c5.jpg 1x, https://salt.tikicdn.com/cache/750x750/media/catalog/producttmp/7f/d0/2d/aac8b8cba837517fa4765c445e7421c5.jpg 2x",208.192,Đồ dùng nhà bếp,"Máy xay, máy ép",LocknLock,,,,Cao 20 cm - Ngang 19 cm - Sâu 14 cm,
"Bàn là hơi nước cầm tay SOKANY SK-11045 công suất lớn 1200W, là siêu phẳng, siêu nhanh, nhỏ gọn tiện lợi cho cả gia đình -HÀNG CHÍNH HÃNG",https://tiki.vn/ban-la-hoi-nuoc-cam-tay-sokany-sk-11045-cong-suat-lon-1200w-la-sieu-phang-sieu-nhanh-nho-gon-tien-loi-cho-ca-gia-dinh-hang-chinh-hang-p277026999.html?spid=277027007,12 tháng,"https://salt.tikicdn.com/cache/750x750/ts/product/db/e2/65/4d81e0a75c0fa96ec750a2424248d172.jpg 1x, https://salt.tikicdn.com/cache/750x750/ts/product/db/e2/65/4d81e0a75c0fa96ec750a2424248d172.jpg 2x",538.000,Thiết bị gia đình,"Bàn ủi, bàn là",SOKANY,,,- Chất liệu: Nhựa ABS + Lớp men gốm,26*19*13 cm,SK11045
"Bàn là hơi nước cầm tay SOKANY SK-11045 công suất lớn 1200W, là siêu phẳng, siêu nhanh, nhỏ gọn tiện lợi cho cả gia đình -HÀNG CHÍNH HÃNG",https://tiki.vn/ban-la-hoi-nuoc-cam-tay-sokany-sk-11045-cong-suat-lon-1200w-la-sieu-phang-sieu-nhanh-nho-gon-tien-loi-cho-ca-gia-dinh-hang-chinh-hang-p277026999.html?spid=277027007,6 tháng,"https://salt.tikicdn.com/cache/750x750/ts/product/db/e2/65/4d81e0a75c0fa96ec750a2424248d172.jpg 1x, https://salt.tikicdn.com/cache/750x750/ts/product/db/e2/65/4d81e0a75c0fa96ec750a2424248d172.jpg 2x",538.000,Thiết bị gia đình,"Bàn ủi, bàn là",SOKANY,,,- Chất liệu: Nhựa ABS + Lớp men gốm,26*19*13 cm,SK11045
"Máy xay thịt đa năng 2IN1 SOKANY SK-7030 cối INOX304, công suất 500W xay thịt, bóc tỏi tiện lợi - HÀNG CHÍNH HÃNG - DELIYA",https://tiki.vn/may-xay-thit-da-nang-2in1-sokany-sk-7030-coi-inox304-cong-suat-500w-xay-thit-boc-toi-tien-loi-hang-chinh-hang-deliya-p277008574.html?spid=277008576,12 tháng,"https://salt.tikicdn.com/cache/750x750/ts/product/cb/0a/22/6abb7ea85b82e6a6c824a4cdc9aa4ae8.jpg 1x, https://salt.tikicdn.com/cache/750x750/ts/product/cb/0a/22/6abb7ea85b82e6a6c824a4cdc9aa4ae8.jpg 2x",585.600,Đồ dùng nhà bếp,"Máy xay, máy ép",DELIYA,,,,"21,5*21*21,5 cm",
"Máy xay thịt đa năng 2IN1 SOKANY SK-7030 cối INOX304, công suất 500W xay thịt, bóc tỏi tiện lợi - HÀNG CHÍNH HÃNG - DELIYA",https://tiki.vn/may-xay-thit-da-nang-2in1-sokany-sk-7030-coi-inox304-cong-suat-500w-xay-thit-boc-toi-tien-loi-hang-chinh-hang-deliya-p277008574.html?spid=277008576,6 tháng,"https://salt.tikicdn.com/cache/750x750/ts/product/cb/0a/22/6abb7ea85b82e6a6c824a4cdc9aa4ae8.jpg 1x, https://salt.tikicdn.com/cache/750x750/ts/product/cb/0a/22/6abb7ea85b82e6a6c824a4cdc9aa4ae8.jpg 2x",585.600,Đồ dùng nhà bếp,"Máy xay, máy ép",DELIYA,,,,"21,5*21*21,5 cm",
"Máy sấy tóc 2 chiều nóng lạnh SOKANY SK-14020 công suất lớn 2400W, cung cấp ion âm chăm sóc tóc chuyên nghiệp - HÀNG CHÍNH HÃNG - DELIYA",https://tiki.vn/may-say-toc-2-chieu-nong-lanh-sokany-sk-14020-cong-suat-lon-2400w-cung-cap-ion-am-cham-soc-toc-chuyen-nghiep-hang-chinh-hang-deliya-p276986140.html?spid=276986144,12 tháng,"https://salt.tikicdn.com/cache/750x750/ts/product/b2/10/b6/3e01c419931c4235bbd8817e6bae0f65.jpg 1x, https://salt.tikicdn.com/cache/750x750/ts/product/b2/10/b6/3e01c419931c4235bbd8817e6bae0f65.jpg 2x",723.000,Thiết bị gia đình,Thiết bị chăm sóc cá nhân,DELIYA,,,,33.5*17.5*10 cm,SK-14020
"Máy sấy tóc 2 chiều nóng lạnh SOKANY SK-14020 công suất lớn 2400W, cung cấp ion âm chăm sóc tóc chuyên nghiệp - HÀNG CHÍNH HÃNG - DELIYA",https://tiki.vn/may-say-toc-2-chieu-nong-lanh-sokany-sk-14020-cong-suat-lon-2400w-cung-cap-ion-am-cham-soc-toc-chuyen-nghiep-hang-chinh-hang-deliya-p276986140.html?spid=276986144,6 tháng,"https://salt.tikicdn.com/cache/750x750/ts/product/b2/10/b6/3e01c419931c4235bbd8817e6bae0f65.jpg 1x, https://salt.tikicdn.com/cache/750x750/ts/product/b2/10/b6/3e01c419931c4235bbd8817e6bae0f65.jpg 2x",723.000,Thiết bị gia đình,Thiết bị chăm sóc cá nhân,DELIYA,,,,33.5*17.5*10 cm,SK-14020
"Nồi Điện Nấu Mì , Nấu Lẩu Siêu Tốc Phù Hợp 1-2 Người Ăn , Tặng Kèm Lồng Hấp GROFA - Hàng chính hãng",https://tiki.vn/noi-dien-nau-mi-nau-lau-sieu-toc-phu-hop-1-2-nguoi-an-tang-kem-long-hap-grofa-hang-chinh-hang-p276569572.html?spid=275081103,Họa tiết ngẫu nhiên,"https://salt.tikicdn.com/cache/750x750/ts/product/d0/47/8f/4810955f3a826c7fe0f14d01c59f1cb3.jpg 1x, https://salt.tikicdn.com/cache/750x750/ts/product/d0/47/8f/4810955f3a826c7fe0f14d01c59f1cb3.jpg 2x",126.420,Đồ dùng nhà bếp,Nồi điện các loại,Gro-Fa,,,,18 cm,
Ấm siêu tốc Inox 2 lớp 1.8L SUNHOUSE SHD1357 - Hàng chính hãng,https://tiki.vn/a-m-sieu-toc-inox-2-lop-1-8l-sunhouse-shd1357-hang-chinh-hang-p276568025.html?spid=276568026,,"https://salt.tikicdn.com/cache/750x750/ts/product/05/51/05/caf943dd633c2daa900c70d0bc4bd198.png 1x, https://salt.tikicdn.com/cache/750x750/ts/product/05/51/05/caf943dd633c2daa900c70d0bc4bd198.png 2x",191.986,Đồ dùng nhà bếp,Bình đun siêu tốc,Sunhouse,,,,,
Nồi cơm điện Locknlock Nemo Rice Cooker EJR384IVY (605W - 1.2L) - Hàng Chính Hãng,https://tka.tiki.vn/pixel/pixel?data=HKfqiiudnrsX1H0idsA0YP3BJuSOsMoqJf-XJxNbM9lTwJ4Mu8E9IaD08QBgg5fHGZ4QGOLQBAXioaRVThWlQiyf_xTHcosUD36epGuZzvj2nater396R_ptoPLD4ARE8TrkTw-_-a_atWmEe4BQZy0c1VS-Rl7UVSyqO2V5j6Xsbi2CcAi6JwK78_W1Hb0KE0plFFm2OHkN8OHtYT8JpCnDdtZeuXF55btv3RVZBaLefMuqCss6AmCqc6gjlgPiZ2QBbFs6Ju_FyfZMHn4J5h1YtFGM8ByViAOowAgkBEeWmFI3JYBjOntDBGCtSJ7WnNNkNkjLv6glUCSxkB4MiTVVn-6mV7bL1qRZv4x-sd9hEoFsFwdnG_RRHKgX60NDsNpihsyK8P6mTseSvxdtBfpEO88yjyuvpG1MWgPg0eQuQAKbPWXZ3KbehQgfBqCNfn5GHmtGSoQqVQhWgF_g6BphkfRbrU206qIrUEDVksSy6TUUPtmv0d5sgGyZhFTaEqxhLJQ4TxnJw0fTsbicFni1p7XML7f-KEhzRyq41u63MWMlxUGh8wxBfXHMoDl9ETv5q88OfjIXZ4xyjJyllroA4zEJYqGAwbzOr66jgZQvWIFtVk0eKkWXHrMcROjggE6Oyov4x7kOICu6RUNl_kEXRwVf0p8H6_qK5DzZT4XAIAIj2kUyFV-Bh_MRWR72qRyW6yWbidzMxgiTnSwbuEultC6Wc15WZPA99G3sXN_pVuYOPKwfN4GVjKEf4w4lMV8iicDqotPgN-i6LukNmDwE39hi4ktS54PoGurYdVtR4v5kc_omZT6-uuIHt7PzG5Siv3bGsIkEwYrOJUBkGcnTSxlRsAs3WPXMSfxD2LMnXTkyt65T1TsqzclI3oSKQJJIsGtqnOpDOxsjblHuU5TPfZ_9q5rGfZybznc8YOZmtrMPK74iwxppNxzFtYKlKOvIO0Dg4wrebY0vQBpT0KNdrwSBEH9tnWcJAVKxqZk-vH_BB2i9p3euGADqub6509xQg-iXICk7-l5g0MVwR722YGBa6Mpg0HDY7WaqZwiYwnHImDFG896NZJcw2BhImg0sslSR1NmvigV-_vI7NDsFC4LIU3BxW6pMBBf149S8oJFFhXT1_HXznwB3-G0khAJsx8_5rm9vIqGlQMgOU_emiNXhWWSQKtutPMQxnkaGRXO9HlTGILQb27b50qjIpZJZE1C9enqOTVl1fbN8iWNtDfE4yetqE4_9LJIEHJp8QYMIgXy1X-feP7agoZOtyBOhXo-A0TNCYhQE_TzsnKmE9oNXBSDAXqsnMWuEhNTgqgxtBKlcHVBqz2oTnii8-ZM215ETZNczE-XmqtDeODV4dE4&reqid=VzpYpZZCcIXH1FDL&type=CLICK&pos=11,,"https://salt.tikicdn.com/cache/750x750/media/catalog/producttmp/fa/da/6e/0a239f03e3f178f4272ae1722131e874.jpg 1x, https://salt.tikicdn.com/cache/750x750/media/catalog/producttmp/fa/da/6e/0a239f03e3f178f4272ae1722131e874.jpg 2x",1.457.433,Đồ dùng nhà bếp,Nồi điện các loại,LocknLock,,,,29.4 x 25.8 x 22.4 cm,
"Máy xay thịt, xay thực phẩm cho bé Elmich CHE-8665, 6 lưỡi inox 304 xay nhanh, nhuyễn mịn, đảo trộn đồng đều các loại thực phẩm, an toàn tuyệt đối với trẻ nhỏ - Hàng chính hãng",https://tka.tiki.vn/pixel/pixel?data=S5foO8TlIwRn0nv2a1wYdC_QtSE3ldniLtnwW2doM5nvtZ8eSiQn8Hr8xijBNOVFUMHrPCKxTkopsAc4KXT1OWht7sCYaGSvM7QU-zAUyfwv7FCKgjsMwrfghSiLiz5Wm8uoU4mWBy9cy13n3Mxx8zav-HoHRmi0xHLVjCrSpJN0U-PQNZbyhYgDsUYJKDoHeKSmC7X0kRHu2CdZ8JnO08KPFjQ4n_dL1HtMeoLzdxDjyCod11iDhqb4-Lg9bUY7UeZ4ZaUObCkYWqEujlBJ2m4O5fy-g2J1zVppG25oWQpzp3nqIn1nQd3JTGtXuVbzi0-KlreKneqNG4ru8AhJ5uaYneusGhTkbE9q8DIvRuO-wMhIOeTVvA5e8xtfxrAMMpAE6qWSkr3TrnH12uwqR021F1U96uqeqd87lfxygfc6FjaIVEfpO_8_eRKeegEbi40bqz9WWzNv1PGsZ03cfgvAMy64ib_xaNGrnvO5ljtPbeqSTXvo0eVNUUqvwp2BoaCRoPbAi-k5JZvqCocCehc5diWpqbSF25ufCk7JKgccaxHIEmfbMgCq1lNtuBGjw72a-c2mGKxkeKEmGCZcNjgTzNT7DnC9Y2derdBgTy0elctI8WaeUfh5fTE_9lwMZ5eusN7L3tFeP5zYfu17yAv813iWTryMZpqC-83b8NR4OyF0FgU2f5Nx-Ic4voxoF3C7ix2Aq5GmlV4zZp00nbKgF3qlS0G-mJ2Mnly4ruyzfbHcCyd-Y_K0XEL08eFXgBhVlS4gEJNIHN6w9kwa7z0ugLI904IZxE3j6lFRenpOjesLKs-WCCzO_2ib04Rpyr-_xfy4qI-XOqSyI_ly4Ft0cUv3VZixricwWFWSa2nJksFowBLxrAOey815iC3IjT7JiOy-Nr8lDJto9e7nVM1bUoXR0ETdqBCecVcGnEyqEcBqmhNibnIsyqFtsVlp6KjLdUSal6iJ0Y6i-L6DFTYsGqb6lZwjPuKjCqXp8Uj3s4rvcB43Sexlnu8dPL9IR8ZHBORnP20gAD2ZEZ3HT8UfDwn2rYlZUxB50YYM43b1XefC_O-g0IoiFtNznDjVnnj_uW0Swn0crHJdN98ZGFkDLNjOITtvwGCS1KSRfBVkWaXGg4pyWITX9ay4gHnUPQeVtD5xLvXRaafmnIKgrZXsg9ZIhvUcbEXxqG9TgB96FvZ-hfa0K7FKROxB6_B_JX6Jjbqbda7U81Jxk6fRhFya-hUiKNxkbl9zSC1bAeihpGD4BHak3BoKwyKdpe05zfY1HE8lnDiPncd1-wRaLs0cKy57w0HNnIqOTnKZ83H0IaOmlo4qa_Tnnlv7MyI&reqid=VzpYpZZCcIXH1FDL&type=CLICK&pos=12,Cam,"https://salt.tikicdn.com/cache/750x750/ts/product/f4/ba/e6/420775fb11144153114496a75fd6540b.jpg 1x, https://salt.tikicdn.com/cache/750x750/ts/product/f4/ba/e6/420775fb11144153114496a75fd6540b.jpg 2x",351.072,Đồ dùng nhà bếp,"Máy xay, máy ép",Elmich,,,,100x100x200 (mm),
Bếp Từ Đơn Elmich ICE-1828OL (2100W) - Hàng Chính Hãng,https://tka.tiki.vn/pixel/pixel?data=mIzbQoLFg_EY7EurGPiqP29RgUspws2wvLchyznm-ruaW1gH7X7qROYYlmAMK1dXYb3R-CbrMdIG0vAVVZJGHha7FQMUJb5V3Zk6zPJD0OJf7tjbrVPutDXhoGil49jODzeSEDNnKa1fOXo1J3-mpoHLBpZMHhrAgVJx04rThDznZ5tP4Ew10MiL-fuXtZoZYkKI8-hb_5BUn10QA2myXBXv6ctOTib5z7iHEE6JtKzT5eFZMCS4hKLUyf-vRMF2Ve1UgtRYQnuFYvSpoCqa79JrvkxGLcIzCO_127ZNL263xHevAbmjyinnXa20y62NflCABm7oCDUAeQJa3oADLY7kzqUqTgWlPr_eTfNzktp6JrXnA01wfQJtwElqeIaHCaEtvg7MCceW75FUKYh5X4ZTxegXGZfLvRY_2CJMN_bK1VdIlFNUJ7cd6uv_v5t7Wbmkzp8LhAaMjlBS9OOAjrl02YW9oYI1s3O3IVnWAHjBc7ETSr30lyjbqRuZZYMb_68vf0NwSTLokX4lC6Kf2j5nGnoNbOHjXxr6Yzf-1DLEAIrz8cAiVMiDWQkTHlPjM3HeoZl1rWmLSIXiHac4Q1YKm7E8FlG6hzQNjrGruoQPhsxvyg2_mWohdFHIV60WfelSv9cgZOEsvHPK1sDhkQj72amvO4aeGLlbGFTfGYGVf0toz54vLZWwNHww-lF2YoCVpN7m-fbI-wJBIpAdvqTglD3J0Y9tQgfHoOXYy6Vh3U1wO7t-llyu42eZ9QS09lADG8VXO2AtBX1KjGyXifDdOvaLWH-cNn73S-6RxRCXnW0qHu79nVa_GLp2DiAlnr9fGOb4S9BI1SPQCC-4K13doDBOgbajvU8-0nfy8FzWSpA9ElNh6LQhdKqduia8x0t7cKaag_w9BL6tHZUm5DtM9tfLhxgUmKIrYXE03oo1p8t444tu8PBtPW0lIP51kSt7cgtG-_U4X0hqZiXINAEn0nXZNDmgayFjcztnVl2UDzHu0WbaWfkrKpYGye584hg8M9_QdV2SBOy8gwPBpSvpr2j54ky0oz6oUBx0XWcWSs6X_fs7qt1boePJWVed7t7Z_YzbVJPZh3S4ye9n1V0EzTGMqYUKeldoDEZ5OdoRvhm77vjiK3CQIhDpQd2fZxZZ9rrZnV9YLRTr2K2ppwlCkPOMuLWvqfgnwP4mPjzQHiqwU8OVDkte3wUx_bw1AviZtZxnTC8F5qQFz5eOw1KXIZwItEOJ6NKWHoxTDxPzNWZaWDsg0QHfCO_L22qEYhn6bCktE_bzWIsxUWijovDhMTQfyup_Dx6OZZU98blGzJ_tmgMjjgGHut1cN98MSL5z1dddYDjl&reqid=VzpYpZZCcIXH1FDL&type=CLICK&pos=13,,"https://salt.tikicdn.com/cache/750x750/media/catalog/producttmp/4b/b7/ed/accc354731fe7febf75140dcf04df368.jpg 1x, https://salt.tikicdn.com/cache/750x750/media/catalog/producttmp/4b/b7/ed/accc354731fe7febf75140dcf04df368.jpg 2x",765.072,Đồ dùng nhà bếp,Bếp các loại,Elmich,,,,37x29x4.1 cm,ICE-1828OL
Nồi cơm điện tử Elmich RCE-1789 (1.2 Lít) - Hàng chính hãng,https://tka.tiki.vn/pixel/pixel?data=rXk3DGs2kslwx69VfzIuVzVNc9NrwkH1HKM7fyTK5J_UCCzJoFLGRLUEylSeURBlxUJepRuJk3mVKCoxeVreuegZyMcdBkzwHOkXp-HJmdv-xMR7_FIHc8R_ejHGCKIPUVtuTdDuwvjjolNpgqYZTgR1ONWFjySD8qCqTrDhk4hbDs7dwLXWY-FH-P1vtmH0NCuKpkB9zKx-5dALyhDeOv27CqHiDIv1rSM3rIvB5ndsRtqEZ6VMqbtXLci9ixix1ch98ZFAcdjbgLBZ7KJWZNFK5mQNJcQgSsXnN2B3KQlI7eEMy8tZnwJ8UMYcOcnSqVNJ4hItfoZs9RyCxAl0z2mYqAuQwPyX0XgsiAEXUEbn4db-TGvsz6LuUMHTLLChaOSa2msRpJSI6Ib7QXS0Pw_1pBPZoJuwf1mjsFQAnKlcwWjdvhF3irtxSZK7Ph0E3Vi8wMeiCX6N8dMWJCbpl4yUycrGadS4fe7BwLU4-KNLKuUxicoafLnauP__ZbjTjVuS0t_P3C0FJ3XZ1TMkl6WVhlU3oLl4WisE2ocSYnFreAb3-66GY2Wvo7MRlenm8aL8GaDj90L1wINe8pVkwkZHSKseOOYH9JspX8nZX4eeUdcdqSdlKGkaTmAKFzc3RfETuGtFrtWlCBuJZbDhnq_2NhjhCES79q8j3u-b-sXD8GvRq2fEt-clCxTMYYMAfLd1NEVBeTzp4ctrIwW-m60hOal4KzFOA_RCsSwxnJpI-I7uNnB-meMT2pu5DSKDwWtVF46veTn3DdotvTzwdGOgCLdkYv0yfK0MWCq3si7dUbceB32nXCeJyJ773mrYPbCZOkCCqbUzTHS5mTDpsxXpMlPpXijp8CbRC3ZdwS6dwXRVLuE_Rj_iSMj5eI4I8cwPZRBbTXzLmvDOP494A3jlLoBsbIOTWW_rnLx5NqNdhUPBSBT8t-IJp8fFAxchNO0bzyLZJRCpxXfzHd3htUgLgRmfLcA1t-7_jtaThlpypdKUhonFTq-zDIt8sGc2qCIMy0QrjkfAbdfvQkRsrodG_-nFQOfe4_a1ov9IkXkOJlDlgCJw0e18vycb5JsHs_z6HZLT8Wx3KYhMf1tzQ2RklQgXL9Dp8CujCzkDoDkYOA_xuvHIzXtE0rjhnNfWm3A1abzmTickrItmjrY92rfZn9F3kQ3bNXoD1mJl85JeymjciR4isH3bTVtwVKIOClLKRAe2K2Zx-r7cVRWckQug567Tw1cvkDzIJIQLvTU_XkTBVxdN8WtRwc1e0vK6PbhHXclMfxSs0dDYZWG_hrR_rcW9X_fNmmUO-QEVPBJ2UWEsinXJZZAqN5ZdmYVXSGUHcm-RDCgUcHXZJvIN_A&reqid=VzpYpZZCcIXH1FDL&type=CLICK&pos=15,,"https://salt.tikicdn.com/cache/750x750/ts/product/b9/73/0b/fb78c523d47be01e98bd031eedc2e11c.jpg 1x, https://salt.tikicdn.com/cache/750x750/ts/product/b9/73/0b/fb78c523d47be01e98bd031eedc2e11c.jpg 2x",880.470,Đồ dùng nhà bếp,Nồi điện các loại,Elmich,,,,22 x 30 x 26 cm,
"Lò vi sóng Toshiba MWP-MM20P(WH) - Dung tích 20 lít, 5 mức công suất, Kết hợp chống thấm 3 lớp, Kháng khuẩn bên trong lò - Hàng chính hãng",https://tiki.vn/lo-vi-song-toshiba-mwp-mm20p-wh-dung-tich-20-lit-5-muc-cong-suat-ket-hop-chong-tham-3-lop-khang-khuan-ben-trong-lo-hang-chinh-hang-p276388764.html?spid=276388765,,"https://salt.tikicdn.com/cache/750x750/ts/product/58/51/a3/00cedfad1e84263d95860fd3920c3ed8.png 1x, https://salt.tikicdn.com/cache/750x750/ts/product/58/51/a3/00cedfad1e84263d95860fd3920c3ed8.png 2x",1.021.725,Đồ dùng nhà bếp,Lò vi sóng,Toshiba,,,,Ngang 43.4 cm - Cao 25.8 cm - Sâu 35 cm - Nặng 11 kg,
Nồi áp suất Elmich PCE-1805 dung tích 2.5L - Hàng Chính Hãng,https://tiki.vn/noi-ap-suat-elmich-pce-1805-dung-tich-2-5l-hang-chinh-hang-p275515112.html?spid=193570412,Đen,"https://salt.tikicdn.com/cache/750x750/ts/product/ab/b5/de/86e584a77eb24801aed7c54e4191c8e0.jpg 1x, https://salt.tikicdn.com/cache/750x750/ts/product/ab/b5/de/86e584a77eb24801aed7c54e4191c8e0.jpg 2x",700.200,Đồ dùng nhà bếp,Nồi điện các loại,Elmich,,,"Nhôm, nhựa cao cấp, lòng nồi nhôm nguyên chất phủ chống dính Whitford",36x30x24cm,
Nồi áp suất Elmich PCE-1805 dung tích 2.5L - Hàng Chính Hãng,https://tiki.vn/noi-ap-suat-elmich-pce-1805-dung-tich-2-5l-hang-chinh-hang-p275515112.html?spid=193570412,Đen,"https://salt.tikicdn.com/cache/750x750/ts/product/ab/b5/de/86e584a77eb24801aed7c54e4191c8e0.jpg 1x, https://salt.tikicdn.com/cache/750x750/ts/product/ab/b5/de/86e584a77eb24801aed7c54e4191c8e0.jpg 2x",700.200,Đồ dùng nhà bếp,Nồi điện các loại,Elmich,,,"Nhôm, nhựa cao cấp, lòng nồi nhôm nguyên chất phủ chống dính Whitford",36x30x24cm,
"Máy xay thịt, xay thực phẩm cho bé Elmich CHE-8665, 6 lưỡi inox 304 xay nhanh, nhuyễn mịn, đảo trộn đồng đều các loại thực phẩm, an toàn tuyệt đối với trẻ nhỏ - Hàng chính hãng",https://tiki.vn/may-xay-thuc-pham-cho-be-elmich-che-8665-hang-chinh-hang-p275512782.html?spid=275513113,Cam,"https://salt.tikicdn.com/cache/750x750/ts/product/f4/ba/e6/420775fb11144153114496a75fd6540b.jpg 1x, https://salt.tikicdn.com/cache/750x750/ts/product/f4/ba/e6/420775fb11144153114496a75fd6540b.jpg 2x",351.072,Đồ dùng nhà bếp,"Máy xay, máy ép",Elmich,,,,100x100x200 (mm),
"Máy sấy tóc công nghệ ion Elmich HDE-8591, công suất 1900W, tay cầm gấp gọn tiện dụng, sấy ion với mật độ lên tới 1,2 triệu ion/m3 kèm lực gió khỏe - Hàng Chính Hãng",https://tiki.vn/may-say-toc-cong-nghe-ion-elmich-hde-8591-cong-suat-1900w-tay-cam-gap-gon-tien-dung-say-ion-voi-mat-do-len-toi-1-2-trieu-ion-m3-kem-luc-gio-khoe-hang-chinh-hang-p274554505.html?spid=274660829,,"https://salt.tikicdn.com/cache/750x750/ts/product/cd/60/64/b7ba24ea2a5161c3e00c6f8f3dbd68a6.jpg 1x, https://salt.tikicdn.com/cache/750x750/ts/product/cd/60/64/b7ba24ea2a5161c3e00c6f8f3dbd68a6.jpg 2x",495.144,Thiết bị gia đình,Thiết bị chăm sóc cá nhân,Elmich,,,,,HDE-8591
Bình Đun Siêu Tốc 2 lớp Lock&Lock EJK738WHT (1.7 Lít) - Trắng - Hàng chính hãng,https://tka.tiki.vn/pixel/pixel?data=mDRKCkZ0V8bA4QAYSKRwgATUepJ5yPyHCZNtHDxSStDuPreoAiVB7nA1pGNewboisXNLwoQ9MZAQfppn8rZg1iA3vaG6psf0oTtkwvudiN513FciOhgoAncTpTRBdw24krlnV2Mc5UPX4wHL_-ErqoeuN08pdW7psw6NEDMzhOMnGvEUTQ2XG9p-SXGwUbboKljfQP_PQBH7F4WOo4CDb-KyE_8Vdt61zZxJtFEZ-zAqZpuUjz_Rjofii0eZtGipxcAhI9mLSF7lWfm5RxN4kLKKiKOGiZrJHi4I1A-6h0A7yvUW3vZPZu9LqnzyM3jZ5cjzOtiXVmlHIPhW6pZ-2yno0cIIlfEM2LkHltc3bedG0Kqozn5YtyHDfb_Oh6-MYLczB0D9FVdBWcgyzkqWnlbOCzvFU3902eqp9Gipb-IG7UPegJ_vdviLG_SZp-T36X1o8rVHQNZVIOnb5FO_34pH1r7thpJGt9NzmWdOhjxn1CtA1f_JPz25ENEGLZcDa4Wy-0__LXYJov5VgsyzEEF3msEeZ99g30_MCABVK6dlV_BPa_ay1aHif5gjgMqjDv9nXsTNlprpz1zwWbD94j4n5KqTG6y1mmdJ4XNGta6BcAHahSgPiTd3bXKgzObH2HqwIZMAMY2b36UDmsZ_l0xMF9WD2_wZxy0yeO2WFDK7M8ZGVWrrk0zc_eeyz_0kx6Hg7pm-aExY_Edwl1M9KCk9GqSFrX8cZzP3ozEj6jNYe-3sseZTC_bRLvk-XHYBemqZWCzu7oCMubBj8VIW1dg2kBs3FJuI70sW9QEY5sFU8Dmjzz0s0-rhtO7nRBVhP682KTXQEnpO1eWlIdason-6u4Cb30Z7mhoyX_cnEia65-tzlSlz8-msRzqbycnsynNf7eE0ptW21aqTyD93VbnmDNJobuv1D-s0wd7UWrOu65b9yHD80LcQPdBUQulTsx0OyxdgP4T96CorRGoyVTcbZVO7BV9QYiZg4isUG5BPc9mw5uND-okxhufGstH0BHR5sTYzbY6whLHQfzQ4-3qcv041bfipcvscQf75zX7uIjHTkRrTSnGBgYniWxfWLgGgTy6l8u8850EXXCDrGuUBUx12IsTbnU9jlhcKydMSewjRwL9dH99Gl7u0ZC4R50uTdylsN5fBQcZqfSqrfk-Qitqdm1dcH7VpjN4rl53zhTSz9t_wfp5VOqMJbW5y8ySXJZlnFh2yfAvW7mh35ehjamPIDPbWF-2EIoGbG4lxnOLRdRx_yZmEni_dD3AwbpEZBklHUIayv-oqTsDEwQjqttvmWGYS7hicY4R3zg8-NyN4O6MbJXywSqZmro_qhN9jHaRpe_abbwbcNny2QLu365g&reqid=VzpYpZZCcIXH1FDL&type=CLICK&pos=21,,"https://salt.tikicdn.com/cache/750x750/media/catalog/producttmp/dc/1e/21/f03a5310917deb98aa86a428783e32ca.jpg 1x, https://salt.tikicdn.com/cache/750x750/media/catalog/producttmp/dc/1e/21/f03a5310917deb98aa86a428783e32ca.jpg 2x",368.190,Đồ dùng nhà bếp,Bình đun siêu tốc,LocknLock,,,,22.8 x 25.5 x 15.4 cm,
Máy xay sinh tố cầm tay Elmich BLE 3890 (55W) - Hàng chính hãng,https://tka.tiki.vn/pixel/pixel?data=oEZsypBGqw4kbWAPQA5QM7inxGrak1_Kbx3WuE7yzQYzoNw3KOenp4cYuxdz5ocBew-s3qGxqkqDrgH-54b1MRn4q62V3zHveyq1bqBVn0kKQxWgIGscDSSlOTz1C7Ee77HEI4_NOGLDfGIOMmBB7JVFJ6QUakLqCvuOY4BCtD0XB0Evr_9sbYesRqOm9ANPYZ-CRkpwhVWcHpzMii6grtjlnxY3J516Ok7IMkXZTq5v4tIs_s9ryDRBvxO2c-KzAB41Cob7phBjnqwFexjGM75-YBhSRrdaecy_pK4wQkYBgmgDomzD7v6STGsf85qj6xWwM6rF7o6ApvXH_gnQ83J4AwM19KcMIjCVDBovKwZdWmMCRCa7Res293uWqRo9kzD5P5uQWBVt7-SUKCxWLHzwzElWm5IH0fDHTeUH9iWJjlmtDSIhJ6bmjw_b5rzwKYpOZ-KiGARobl3RUw05-Ffrd_5AMppdJqgaz97lQZwbX0ss3z-a7uW5g_s4FdBUs56JsdsBMENE9qRv3A1r8-ypWoI2LAesF3_kz5QpG2j7OQnzhTPVo9qrfiOzchqXfBkfkNJ7Ryg8Ud-qvcWiZ_8flPL_MXo8mQNGNbsBlsHRcN_G_Vwf-gX9WHOLYF1AJVo9E9Mye9JfNEWSgazGtkBorPV8s6qFTR9yZekrrAJSuqAig0vLqFNpW_AQJoKmp9cWPaba3JrPx5gKQNCgyzv5b1T2vByNCFg--3XUjK1d5oRniDyT9PsO0rXrmJ2FqW01_Gbvnae5gCSSskUO4s07FAnQXjdiw5yomxBQYF3UUrOt3TUsAwoWzt3KT8D6fNAMcV07UOCb19p_kERTVcbQ7Cxzj73D4aRomUdjFuuTxQKMezSKoeAn-YgD8yXKuMm_jVpIAvXmg9Vc0Wmewiw9PtPhGfMYfzXITlgZoArBDGV9yI_57_2acpmBr2sTwZzYU2jZC9VI9CduV7wPH8h83q3nVZFF2HsayXC_gM2jh5UGkYtdW26KRKQHgOL-DdUR5z8TU7VtMNuOYPtW6n5pdBanmE74ctMRG6ey-nmh8W5LsycbOZ1TuOtd2_Q5qwyxcDflDQsLNn_yuJHilh7CGDNtO4WduwP1NWSicx4yJ3I-bQEIM-elRKK67OekT66YaG2Cai-1Blvu_rgyWDxM5vqb9qJGi13FfmimGnS6RGkZQfr-jTcnbdMI3h7zD0RJUzbTgxaAE6HM7Ep9ZUafanPxlFFtfvr7WbBIdsjzq-ACSVaEcP_QVdNDEa6_k-pRCptJdBUfumQ4q_Y-WZM-pIUY3n_EZ12JciD-evkRBXGxwKQUSm3hg3j_1sHyPQoKqI_IynpKCBQukbow3UXahUCBbp1E&reqid=VzpYpZZCcIXH1FDL&type=CLICK&pos=22,,"https://salt.tikicdn.com/cache/750x750/media/catalog/producttmp/eb/ea/91/c40ed146cd0fc1c165fabff5f14bc132.jpg 1x, https://salt.tikicdn.com/cache/750x750/media/catalog/producttmp/eb/ea/91/c40ed146cd0fc1c165fabff5f14bc132.jpg 2x",404.892,Đồ dùng nhà bếp,"Máy xay, máy ép",Elmich,,,,22.8 x 8 x 8 cm,
Nồi Cơm Điện Locknlock Donggeurami Rice Cooker EJR334IVY (1.0L) - Hàng chính hãng,https://tka.tiki.vn/pixel/pixel?data=1HCJC2P6fVr6XnxcE7JJaaz7WebgrkiV8AsEXvwPeOdYUgBuUUl2cszzbc5Fby7JzjQVgrwW-IEeh_GJQBYRrAxgX3kMIliRfKF22_W1NMK2pKJWjyjXIS6L-P9D5Otzl2Pi9SJjjb7UtINJLxLkTBdoF2HAqao6ulAYS568xjUVPHWq4w2e3yHAOyyLkwD8VlJq7OrSXxQWNkt_ms-hb2EwZgMV-TDUc8H0dSrElT5U_s_lNUdj4mxlHzE11hS0W0GA3hyyQRMEJY8jiQul5g_dS7_5RGu_qv7zc2ryCr0qazo5GylGynZ1DXIRDDKEii96mu4ep40THe-s2ANXtozj1Rb5tdiYowBxDvmiOQxIGFJpF_GRYCo4H8Hnl1fo6USCuBWqtJ50paf6UAIuETDgit8d1fMeD6OFyXZXWRsO7IPewjjfZQjI0G3SWOmG7dkivuI7GDlEFMz55J021CW8s5N8M7LrsZSvdtjChW_wnWV6OUKHskI5bZAvHFiDOj1TJ6SL7NkSKL1Io7r0XnjQmNPcH9WY373E0J5ACxmGDSjmE5K0RoKSaIBbknSKk0k8a0vuGQHZUbkgWIYlr0RC-whpgNQ4vwKEITQ8m1H_fCvTN4XnGW9Idt_TBF4csO_7JiAwfOpXhw71rTILSoyEaFSXrtuwCKtdMZGIlIcgPpme2DvkS8iOzRupQK_XBdOY6W2GZtLwSJLAlT6E27h0B-y0f3pcxZDoquedk_4yhymHU2dNXAXl4eBEIwS1WMtowfhjifUjpNlXnjwUJAS4OeXcbBen_U0gvKnKe0Q5dIEE0EKSkVNpGY9xZOTzATJahOpacDhEzywJVUGBq1lPTdpLIkvAjpkpqtry8Ggm_Glo7arKvTFJvYyzj6YpZw-XJ-FdyKVWSLBh4TdXTVAH3bYnQsctYJ3VlUpbYt0ofpGZUlkZeHBTD-gtmGxtf_apFEbzYQPK7Pg0Wl4l9dFiZk2OohZHboc9RGc-LoQFmzohXATgEzvylaEgZ-YWM7GntBCW1bVqv7CbpyEgNdMBhnOy_LTn491iFb4LgXYIOzbKAIk5iq9wQOX7d5ZyNWBVmHUrx1ANBEXq53O3zd99F8SGVXoamlPi0pB19dseqawS-95mJao4OxlM2wukBU9b3qE_G6PEseSdAM6gHM3Jp-Rc7w5t1V_vDJ8K5GwnkrR0qGKWF9p2T8fb_mRT7AJllPpe5UhxXb_8bhXmNRjTd5EAXaTe9A2BxNpkUHxMmGLTJnd7fAl-4UikaMHZCe6U5djiAAiUWOoE2TwUmTt0FfuP7aJo37uWTDu3vNYEc4kEFw22TGT661ECXZxkSPSGCWemrF9V3jPLCIFQ3zOJfxpy7g&reqid=VzpYpZZCcIXH1FDL&type=CLICK&pos=23,,"https://salt.tikicdn.com/cache/750x750/media/catalog/producttmp/c8/91/b1/505e05950f80a21e3674b3a4c5d9731c.jpg 1x, https://salt.tikicdn.com/cache/750x750/media/catalog/producttmp/c8/91/b1/505e05950f80a21e3674b3a4c5d9731c.jpg 2x",1.030.446,Đồ dùng nhà bếp,Nồi điện các loại,LocknLock,,,,24.7 x 23.9 x 20.3 cm,
Máy Xay Sinh Tố Lock&Lock EJM436 (250W - 600ml) - Hàng Chính Hãng,https://tka.tiki.vn/pixel/pixel?data=8PBmrupoRefVQRhTT39yhy83dWChnipzjkHQa6CDV-2RZKAuK0IzMxJOjXCKquTAdOWjwVQ3sdVECztF3Ht7T98C6BWqocRVlS3FIhS5UzAic0bnT7-whFhI6_Ukpn37Jtxpkdys-ZfkeT90JsQflsN06efrXX9tEypan0oL_K2-HiSDwc9fU3pBjMv0fHgi_voQsrv7XTzRO3AM7jLQspByL8_cxISVW3gFmuAc82i_sojCZFXhKVGG_edtOde16E3mlsteJNuXpT0H-faYf8YmtT8Ht9ur4pONjwYyAlc_I-Gz_Ls_unqMvhTKf7mzsDkVoqUL3Hw1xNjetNyMgKLu2TmPEwITFHhClXyRZwSNc0XYQ6JqGKHXQRNK4htr7DD52zVQMJiCw1jvMfk0d4DKGMBx0CKrnTP6eqXCeYAp5uI55yiZ9SuYf_WmfPHyfvbkpr6llrWiRcTm2js29OJHEnFICGhrG2Ztl3UA8WrPSzrdQZGBx7Dr0dC5Eo3Dl0iaLiNg0htYCRy0GFohJ0TeVlcGsUxZrRItxxs6n-MzX-i9eTD4CMD1O3YRNf3i08oSyvOVdLzAYjpSiViDveS8gGft1pIu6gvXHKxM-2MGRd_xecMMAorZbk7pM__5CzgTR54oC4Ptn-y3rWBCniBvfL_zwtg83xLTcJ_Axo9ZoPpds6C_H8B7NVwLCsxCnc-FLLnhA16uFgFhFOl8RkF5NBweFixgvY4IGPrPNrkRsG0M1nUzD4PzJrskpDDiFW3vHSzTfwOxr6Szc6IE4MTVsfna91KoO8mh8czGlt7Y-Wzt2uu_iAgeQAepkBQRe0xNEC2OVWyAY-UOkgkxWq_Ax0oATbL-5sXIacuAV5ZZzGkOLYa900y7M3zUVg--91CMREhu9QpzgGhGYEn_uIy4yjrkjLo5vxgzB-Oh-nkdf_JWbWySSEJ6aINmKusqu08SJydGW2LpAy-BffVst0vNuqx4phXI9gwc3qFfBwF9dUOGPwB5eheDZPVJOGo06HrcjOvVyq0T3hB_XWuieAJhBdcU4M43BtEHsJDZOFgKzDVFIgE06zHfRMMaJLxpHz7ooUFQTKWhjTmrk_CT7A_nTts42tugEYoCKJSaJP9cMDBK0h3h8kwkOn2McmuAlRM3CaAr1KiohaSFcPGkNGN2n_yHVYmDniyR1gWhXTGXITWadf_yZYn7sGARjzc8OcPEgP21QnkZNrfAiivO4GDCYzGAJTkj7_-PzSHuEp-QDBzxgnApgTu5N9KJ-C7fwRgu0M1P5P-fl8pYvHQEWUIGha3fdJE7eltiUTRlAw89ixKePTh9aV-lylpzMwoWtmkGbIjWsS7B7g&reqid=VzpYpZZCcIXH1FDL&type=CLICK&pos=25,Trắng,"https://salt.tikicdn.com/cache/750x750/media/catalog/producttmp/ac/99/79/acec1cedc66c4cbe86139e065f1322a7.jpg 1x, https://salt.tikicdn.com/cache/750x750/media/catalog/producttmp/ac/99/79/acec1cedc66c4cbe86139e065f1322a7.jpg 2x",423.567,Đồ dùng nhà bếp,"Máy xay, máy ép",LocknLock,,,,10.52 x 10.52 x 29.3 cm,
Máy Xay Sinh Tố Lock&Lock EJM436 (250W - 600ml) - Hàng Chính Hãng,https://tka.tiki.vn/pixel/pixel?data=8PBmrupoRefVQRhTT39yhy83dWChnipzjkHQa6CDV-2RZKAuK0IzMxJOjXCKquTAdOWjwVQ3sdVECztF3Ht7T98C6BWqocRVlS3FIhS5UzAic0bnT7-whFhI6_Ukpn37Jtxpkdys-ZfkeT90JsQflsN06efrXX9tEypan0oL_K2-HiSDwc9fU3pBjMv0fHgi_voQsrv7XTzRO3AM7jLQspByL8_cxISVW3gFmuAc82i_sojCZFXhKVGG_edtOde16E3mlsteJNuXpT0H-faYf8YmtT8Ht9ur4pONjwYyAlc_I-Gz_Ls_unqMvhTKf7mzsDkVoqUL3Hw1xNjetNyMgKLu2TmPEwITFHhClXyRZwSNc0XYQ6JqGKHXQRNK4htr7DD52zVQMJiCw1jvMfk0d4DKGMBx0CKrnTP6eqXCeYAp5uI55yiZ9SuYf_WmfPHyfvbkpr6llrWiRcTm2js29OJHEnFICGhrG2Ztl3UA8WrPSzrdQZGBx7Dr0dC5Eo3Dl0iaLiNg0htYCRy0GFohJ0TeVlcGsUxZrRItxxs6n-MzX-i9eTD4CMD1O3YRNf3i08oSyvOVdLzAYjpSiViDveS8gGft1pIu6gvXHKxM-2MGRd_xecMMAorZbk7pM__5CzgTR54oC4Ptn-y3rWBCniBvfL_zwtg83xLTcJ_Axo9ZoPpds6C_H8B7NVwLCsxCnc-FLLnhA16uFgFhFOl8RkF5NBweFixgvY4IGPrPNrkRsG0M1nUzD4PzJrskpDDiFW3vHSzTfwOxr6Szc6IE4MTVsfna91KoO8mh8czGlt7Y-Wzt2uu_iAgeQAepkBQRe0xNEC2OVWyAY-UOkgkxWq_Ax0oATbL-5sXIacuAV5ZZzGkOLYa900y7M3zUVg--91CMREhu9QpzgGhGYEn_uIy4yjrkjLo5vxgzB-Oh-nkdf_JWbWySSEJ6aINmKusqu08SJydGW2LpAy-BffVst0vNuqx4phXI9gwc3qFfBwF9dUOGPwB5eheDZPVJOGo06HrcjOvVyq0T3hB_XWuieAJhBdcU4M43BtEHsJDZOFgKzDVFIgE06zHfRMMaJLxpHz7ooUFQTKWhjTmrk_CT7A_nTts42tugEYoCKJSaJP9cMDBK0h3h8kwkOn2McmuAlRM3CaAr1KiohaSFcPGkNGN2n_yHVYmDniyR1gWhXTGXITWadf_yZYn7sGARjzc8OcPEgP21QnkZNrfAiivO4GDCYzGAJTkj7_-PzSHuEp-QDBzxgnApgTu5N9KJ-C7fwRgu0M1P5P-fl8pYvHQEWUIGha3fdJE7eltiUTRlAw89ixKePTh9aV-lylpzMwoWtmkGbIjWsS7B7g&reqid=VzpYpZZCcIXH1FDL&type=CLICK&pos=25,Trắng,"https://salt.tikicdn.com/cache/750x750/media/catalog/producttmp/ac/99/79/acec1cedc66c4cbe86139e065f1322a7.jpg 1x, https://salt.tikicdn.com/cache/750x750/media/catalog/producttmp/ac/99/79/acec1cedc66c4cbe86139e065f1322a7.jpg 2x",423.567,Đồ dùng nhà bếp,"Máy xay, máy ép",LocknLock,,,,10.52 x 10.52 x 29.3 cm,
"Nồi nấu chậm, nấu cháo, chưng yến 1L Elmich SCE-8524OL - Hàng Chính Hãng",https://tiki.vn/noi-nau-cham-1l-elmich-sce-8524ol-hang-chinh-hang-p273561794.html?spid=273594901,,"https://salt.tikicdn.com/cache/750x750/ts/product/06/3c/19/933473059d3273877f5e052886542c24.jpg 1x, https://salt.tikicdn.com/cache/750x750/ts/product/06/3c/19/933473059d3273877f5e052886542c24.jpg 2x",395.784,Đồ dùng nhà bếp,Nồi điện các loại,Elmich,,,,,
Máy sấy tóc Elmich HDE 1823 - Hàng Chính Hãng,https://tiki.vn/may-say-toc-elmich-hde-1823-hang-chinh-hang-p273358116.html?spid=273463949,Xanh Mint,"https://salt.tikicdn.com/cache/750x750/ts/product/f9/36/ab/42786577cf970517f95dc6db7caca9d5.jpg 1x, https://salt.tikicdn.com/cache/750x750/ts/product/f9/36/ab/42786577cf970517f95dc6db7caca9d5.jpg 2x",260.820,Thiết bị gia đình,Thiết bị chăm sóc cá nhân,Elmich,,,,,HDE 1823
Máy sấy tóc Elmich HDE 1823 - Hàng Chính Hãng,https://tiki.vn/may-say-toc-elmich-hde-1823-hang-chinh-hang-p273358116.html?spid=273463949,Xanh Mint,"https://salt.tikicdn.com/cache/750x750/ts/product/f9/36/ab/42786577cf970517f95dc6db7caca9d5.jpg 1x, https://salt.tikicdn.com/cache/750x750/ts/product/f9/36/ab/42786577cf970517f95dc6db7caca9d5.jpg 2x",260.820,Thiết bị gia đình,Thiết bị chăm sóc cá nhân,Elmich,,,,,HDE 1823
Máy sấy tóc Elmich HDE 1823 - Hàng Chính Hãng,https://tiki.vn/may-say-toc-elmich-hde-1823-hang-chinh-hang-p273358116.html?spid=273463949,Xanh Mint,"https://salt.tikicdn.com/cache/750x750/ts/product/f9/36/ab/42786577cf970517f95dc6db7caca9d5.jpg 1x, https://salt.tikicdn.com/cache/750x750/ts/product/f9/36/ab/42786577cf970517f95dc6db7caca9d5.jpg 2x",260.820,Thiết bị gia đình,Thiết bị chăm sóc cá nhân,Elmich,,,,,HDE 1823
Máy Vắt Cam Lock&Lock EJJ231 (40W) - Hàng chính hãng,https://tiki.vn/may-vat-cam-lock-lock-ejj231-40w-hang-chinh-hang-p273310816.html?spid=273310819,Ngà,"https://salt.tikicdn.com/cache/750x750/media/catalog/producttmp/95/43/fe/5610fb5422ea174eb7e22bc63c127b2f.jpg 1x, https://salt.tikicdn.com/cache/750x750/media/catalog/producttmp/95/43/fe/5610fb5422ea174eb7e22bc63c127b2f.jpg 2x",208.192,Đồ dùng nhà bếp,"Máy xay, máy ép",LocknLock,,,,Cao 20 cm - Ngang 19 cm - Sâu 14 cm,
Máy Vắt Cam Lock&Lock EJJ231 (40W) - Hàng chính hãng,https://tiki.vn/may-vat-cam-lock-lock-ejj231-40w-hang-chinh-hang-p273310816.html?spid=273310819,Ngà,"https://salt.tikicdn.com/cache/750x750/media/catalog/producttmp/95/43/fe/5610fb5422ea174eb7e22bc63c127b2f.jpg 1x, https://salt.tikicdn.com/cache/750x750/media/catalog/producttmp/95/43/fe/5610fb5422ea174eb7e22bc63c127b2f.jpg 2x",208.192,Đồ dùng nhà bếp,"Máy xay, máy ép",LocknLock,,,,Cao 20 cm - Ngang 19 cm - Sâu 14 cm,
Máy xay sinh tố cầm tay Elmich BLE 3890 (55W) - Hàng chính hãng,https://tiki.vn/may-xay-sinh-to-cam-tay-elmich-ble-3890-55w-hang-chinh-hang-p271199622.html?spid=271199623,,"https://salt.tikicdn.com/cache/750x750/media/catalog/producttmp/eb/ea/91/c40ed146cd0fc1c165fabff5f14bc132.jpg 1x, https://salt.tikicdn.com/cache/750x750/media/catalog/producttmp/eb/ea/91/c40ed146cd0fc1c165fabff5f14bc132.jpg 2x",404.892,Đồ dùng nhà bếp,"Máy xay, máy ép",Elmich,,,,22.8 x 8 x 8 cm,
"Quạt Mini Để Bàn, Quạt Tích Điện Sạc USB Besti - Quạt Cầm Tay 3 Tốc Độ, Điều Chỉnh Hướng Gió Xoay 360 Độ, Kiểu Dáng Sang Trọng , Không Gây Ồn, Pin Sạc Dung Lượng Lớn - Hàng Chính Hãng",https://tiki.vn/quat-mini-de-ban-quat-tich-dien-sac-usb-besti-quat-cam-tay-3-toc-do-dieu-chinh-huong-gio-xoay-360-do-kieu-dang-sang-trong-khong-gay-on-pin-sac-dung-luong-lon-hang-chinh-hang-p271078037.html?spid=183719330,Màu Trắng,"https://salt.tikicdn.com/cache/750x750/ts/product/20/f3/40/c3a61ff691242aa42e831ae1e4ab900a.png 1x, https://salt.tikicdn.com/cache/750x750/ts/product/20/f3/40/c3a61ff691242aa42e831ae1e4ab900a.png 2x",253.800,Thiết bị gia đình,Quạt điện,Besti,,,,,
"Quạt Mini Để Bàn, Quạt Tích Điện Sạc USB Besti - Quạt Cầm Tay 3 Tốc Độ, Điều Chỉnh Hướng Gió Xoay 360 Độ, Kiểu Dáng Sang Trọng , Không Gây Ồn, Pin Sạc Dung Lượng Lớn - Hàng Chính Hãng",https://tiki.vn/quat-mini-de-ban-quat-tich-dien-sac-usb-besti-quat-cam-tay-3-toc-do-dieu-chinh-huong-gio-xoay-360-do-kieu-dang-sang-trong-khong-gay-on-pin-sac-dung-luong-lon-hang-chinh-hang-p271078037.html?spid=183719330,,"https://salt.tikicdn.com/cache/750x750/ts/product/20/f3/40/c3a61ff691242aa42e831ae1e4ab900a.png 1x, https://salt.tikicdn.com/cache/750x750/ts/product/20/f3/40/c3a61ff691242aa42e831ae1e4ab900a.png 2x",253.800,Thiết bị gia đình,Quạt điện,Besti,,,,,
[MỚI RA MẮT] Quạt đứng có điều khiển từ xa Tefal Turbo Silence Plus VH689990 màu trắng cánh xanh - Hàng chính hãng,https://tiki.vn/moi-ra-mat-quat-dung-co-dieu-khien-tu-xa-tefal-turbo-silence-plus-vh689990-mau-trang-canh-xanh-hang-chinh-hang-p217367338.html?spid=274679536,,"https://salt.tikicdn.com/cache/750x750/ts/product/9f/6a/06/07a41b828f69c5a540fdd5ed5b2c240b.jpg 1x, https://salt.tikicdn.com/cache/750x750/ts/product/9f/6a/06/07a41b828f69c5a540fdd5ed5b2c240b.jpg 2x",1.269.576,Thiết bị gia đình,Quạt điện,Tefal,,,,,VH689990
Bàn ủi hơi nước Tefal Easy Steam FV1955E0 - Hàng chính hãng,https://tiki.vn/ban-ui-hoi-nuoc-tefal-easy-steam-fv1955e0-hang-chinh-hang-p212354211.html?spid=212354268,,"https://salt.tikicdn.com/cache/750x750/ts/product/76/12/00/034e9808afe944fd2171fbe26e3ab4c8.jpg 1x, https://salt.tikicdn.com/cache/750x750/ts/product/76/12/00/034e9808afe944fd2171fbe26e3ab4c8.jpg 2x",379.000,Thiết bị gia đình,"Bàn ủi, bàn là",Tefal,,,,,FV1955E0
Đèn Khò Gas Đa Năng NaMilux (Đèn Khò Đế)│Có Hệ Thống Đánh Lửa Tự Động│Công Suất 3.0 Kw│Hàng Chính Hãng,https://tiki.vn/den-kho-gas-da-nang-namilux-den-kho-de-co-he-thong-danh-lua-tu-dong-cong-suat-3-0-kw-hang-chinh-hang-p208004944.html?spid=208004945,,"https://salt.tikicdn.com/cache/750x750/ts/product/e1/47/31/0794fa7a8412d694e91a3c5e8805c853.png 1x, https://salt.tikicdn.com/cache/750x750/ts/product/e1/47/31/0794fa7a8412d694e91a3c5e8805c853.png 2x",243.460,Đồ dùng nhà bếp,Bếp các loại,NaMilux,,,,,
"Máy Cạo Râu Mini Bỏ Túi Cao Cấp, 3 Lưỡi Siêu Nhỏ Gọn Công Nghệ Nhật Bản, Siêu Bén, Siêu An Toàn, Công Suất Lớn",https://tiki.vn/may-cao-rau-mini-bo-tui-cao-cap-3-luoi-sieu-nho-gon-cong-nghe-nhat-ban-sieu-ben-sieu-an-toan-cong-suat-lon-p188996248.html?spid=188996250,MÀU TRẮNG,"https://salt.tikicdn.com/cache/750x750/ts/product/7d/4a/e2/94f7ed33fb156a77c39f206295926a19.jpg 1x, https://salt.tikicdn.com/cache/750x750/ts/product/7d/4a/e2/94f7ed33fb156a77c39f206295926a19.jpg 2x",190.000,Thiết bị gia đình,Thiết bị chăm sóc cá nhân,NBAYOU,,,,6cm x 4cm x 4cm,
"Máy Cạo Râu Mini Bỏ Túi Cao Cấp, 3 Lưỡi Siêu Nhỏ Gọn Công Nghệ Nhật Bản, Siêu Bén, Siêu An Toàn, Công Suất Lớn",https://tiki.vn/may-cao-rau-mini-bo-tui-cao-cap-3-luoi-sieu-nho-gon-cong-nghe-nhat-ban-sieu-ben-sieu-an-toan-cong-suat-lon-p188996248.html?spid=188996250,,"https://salt.tikicdn.com/cache/750x750/ts/product/7d/4a/e2/94f7ed33fb156a77c39f206295926a19.jpg 1x, https://salt.tikicdn.com/cache/750x750/ts/product/7d/4a/e2/94f7ed33fb156a77c39f206295926a19.jpg 2x",190.000,Thiết bị gia đình,Thiết bị chăm sóc cá nhân,NBAYOU,,,,6cm x 4cm x 4cm,
"Máy Xay Sinh Tố Cầm Tay Bear, Nghiền Hoa Quả Công Suất Lớn, Chất Liệu An Toàn LLJ-D04A1 - Hàng Chính Hãng",https://tiki.vn/may-xay-sinh-to-cam-tay-bear-nghien-hoa-qua-cong-suat-lon-chat-lieu-an-toan-llj-d04a1-hang-chinh-hang-p187063412.html?spid=253364434,,"https://salt.tikicdn.com/cache/750x750/ts/product/9d/53/ca/50dd43eea9fc970a1c585e2a17bc0d24.jpg 1x, https://salt.tikicdn.com/cache/750x750/ts/product/9d/53/ca/50dd43eea9fc970a1c585e2a17bc0d24.jpg 2x",447.488,Đồ dùng nhà bếp,"Máy xay, máy ép",Bear,,,,,
Máy Sấy tóc Philips - HP8108/00 - Dễ dàng sấy - Tạo nhiều kiểu tóc - Chính hãng,https://tiki.vn/may-say-toc-dryer-philips-hp8108-p178462960.html?spid=273904302,,"https://salt.tikicdn.com/cache/750x750/ts/product/46/f8/c8/eebab8dce74a16d391d687fbe8a528f4.jpg 1x, https://salt.tikicdn.com/cache/750x750/ts/product/46/f8/c8/eebab8dce74a16d391d687fbe8a528f4.jpg 2x",210.634,Thiết bị gia đình,Thiết bị chăm sóc cá nhân,Philips,,,,,HP8108/00
Máy cạo râu khô và ướt Philips S1301/02 - Hàng Chính Hãng,https://tiki.vn/may-cao-rau-kho-va-uot-philips-s1301-02-hang-chinh-hang-p162841493.html?spid=162841494,,"https://salt.tikicdn.com/cache/750x750/ts/product/17/11/69/1ce7ab0763b255d515143800d03a4cee.jpg 1x, https://salt.tikicdn.com/cache/750x750/ts/product/17/11/69/1ce7ab0763b255d515143800d03a4cee.jpg 2x",667.736,Thiết bị gia đình,Thiết bị chăm sóc cá nhân,Philips,,,,"6,4 x 12 x 18,6 cm",S1301/02
Lưỡi dao thay thế cho máy cạo râu enchen blackstone 3 - Hàng nhập khẩu,https://tiki.vn/luoi-dao-thay-the-cho-may-cao-rau-enchen-blackstone-3-hang-nhap-khau-p117161148.html?spid=117161151,,"https://salt.tikicdn.com/cache/750x750/ts/product/ac/d5/97/980e29bf0b01b7a4e0badbc8652843f0.jpg 1x, https://salt.tikicdn.com/cache/750x750/ts/product/ac/d5/97/980e29bf0b01b7a4e0badbc8652843f0.jpg 2x",132.000,Thiết bị gia đình,Thiết bị chăm sóc cá nhân,Xiaomi,,,,,
Ấm đun nước siêu tốc Elmich Smartcook ICS-3859 (1.7 Lít) - Hàng chính hãng,https://tiki.vn/am-dun-nuoc-sieu-toc-elmich-smartcook-ics-3859-1-7-lit-hang-chinh-hang-p110255220.html?spid=120765268,,"https://salt.tikicdn.com/cache/750x750/ts/product/45/30/89/0830a6b493ed2ac287ceb6f35e0cf549.jpg 1x, https://salt.tikicdn.com/cache/750x750/ts/product/45/30/89/0830a6b493ed2ac287ceb6f35e0cf549.jpg 2x",260.820,Đồ dùng nhà bếp,Bình đun siêu tốc,Smartcook,,,,24 x 16 cm,
Bếp Từ Đơn Elmich ICE-1828OL (2100W) - Hàng Chính Hãng,https://tiki.vn/bep-tu-don-elmich-ice-1828ol-2100w-hang-chinh-hang-p107137543.html?spid=107137544,,"https://salt.tikicdn.com/cache/750x750/media/catalog/producttmp/4b/b7/ed/accc354731fe7febf75140dcf04df368.jpg 1x, https://salt.tikicdn.com/cache/750x750/media/catalog/producttmp/4b/b7/ed/accc354731fe7febf75140dcf04df368.jpg 2x",765.072,Đồ dùng nhà bếp,Bếp các loại,Elmich,,,,37x29x4.1 cm,ICE-1828OL
Lon gas chuyên dụng Namilux - HÀNG CHÍNH HÃNG NAMILUX (MP),https://tiki.vn/lon-gas-chuyen-dung-namilux-hang-chinh-hang-namilux-mp-p105602373.html?spid=153494969,,"https://salt.tikicdn.com/cache/750x750/ts/product/67/48/de/377e1eb2389c44c317c3922558bcfc81.jpg 1x, https://salt.tikicdn.com/cache/750x750/ts/product/67/48/de/377e1eb2389c44c317c3922558bcfc81.jpg 2x",33.000,Đồ dùng nhà bếp,Bếp các loại,,,,,,
Nồi cơm điện tử Toshiba RC-18NTFV(W) (1.8 Lít) - HÀNG CHÍNH HÃNG,https://tiki.vn/noi-com-dien-tu-toshiba-rc-18ntfv-w-1-8-lit-hang-chinh-hang-p74890928.html?spid=76195846,,"https://salt.tikicdn.com/cache/750x750/ts/product/ad/3c/49/e2a89a9b7555e9875bf86605a91bbbc6.png 1x, https://salt.tikicdn.com/cache/750x750/ts/product/ad/3c/49/e2a89a9b7555e9875bf86605a91bbbc6.png 2x",1.971.000,Đồ dùng nhà bếp,Nồi điện các loại,Toshiba,,,,Ngang 26 cm - Cao 24 cm - Sâu 38 cm,
"Máy Sấy Tóc Cao Cấp Kiểu Dáng Sang Trọng Tinh Tế Công Suất Lớn Chuyên Dụng Tại Nhà và Cho Hair Salon - Máy Sấy Tóc Bổ Sung Ion Dưỡng Ẩm, Làm Mềm Mượt Tóc - Máy Sấy Tóc Cao Cấp Động Cơ Êm Ái, Ổn Định – Chính Hãng VinBuy (Máy sấy tóc)",https://tiki.vn/may-say-toc-cao-cap-kieu-dang-sang-trong-tinh-te-cong-suat-lon-chuyen-dung-tai-nha-va-cho-hair-salon-may-say-toc-bo-sung-ion-duong-am-lam-mem-muot-toc-may-say-toc-cao-cap-dong-co-em-ai-on-dinh-chinh-hang-vinbuy-may-say-toc-p72285990.html?spid=72285998,Đỏ ,"https://salt.tikicdn.com/cache/750x750/ts/product/62/f4/90/885621df71b1232943617bb68021be21.png 1x, https://salt.tikicdn.com/cache/750x750/ts/product/62/f4/90/885621df71b1232943617bb68021be21.png 2x",227.950,Thiết bị gia đình,Thiết bị chăm sóc cá nhân,VinBuy,,,"Nhựa, Kim Loại",26*9*15,V001
Bình Đun Siêu Tốc 2 Lớp Lock&Lock EJK738BLK (1.7L) - Hàng Chính Hãng,https://tiki.vn/binh-dun-sieu-toc-2-lop-lock-lock-ejk738blk-1-7l-hang-chinh-hang-p54716577.html?spid=54716579,Đen,"https://salt.tikicdn.com/cache/750x750/media/catalog/producttmp/76/30/87/c4b987fe1c36adc337fe2424b45cec88.jpg 1x, https://salt.tikicdn.com/cache/750x750/media/catalog/producttmp/76/30/87/c4b987fe1c36adc337fe2424b45cec88.jpg 2x",366.390,Đồ dùng nhà bếp,Bình đun siêu tốc,LocknLock,,,,25 x 15.5 cm,
Máy Xay Sinh Tố Toshiba MX-60T(H) (600W - 1.5 Lít) - Hàng Chính Hãng,https://tiki.vn/may-xay-sinh-to-toshiba-mx-60t-h-600w-1-5-lit-hang-chinh-hang-p36994841.html?spid=36994842,,"https://salt.tikicdn.com/cache/750x750/ts/product/59/1c/69/46e6987653adbf5e1a64db0f202ff56c.jpg 1x, https://salt.tikicdn.com/cache/750x750/ts/product/59/1c/69/46e6987653adbf5e1a64db0f202ff56c.jpg 2x",503.424,Đồ dùng nhà bếp,"Máy xay, máy ép",Toshiba,,,,21.5 x 38.8 x 20.8 cm,
Ca nấu mì Daewoo DEN-M550 (0.7L) - Hàng chính hãng,https://tiki.vn/ca-nau-mi-daewoo-den-m550-0-7l-hang-chinh-hang-p22526356.html?spid=22526357,,"https://salt.tikicdn.com/cache/750x750/ts/product/a7/a8/84/41793748a7d9baea3ae5f7063e1be462.jpg 1x, https://salt.tikicdn.com/cache/750x750/ts/product/a7/a8/84/41793748a7d9baea3ae5f7063e1be462.jpg 2x",231.830,Đồ dùng nhà bếp,Nồi điện các loại,Daewoo,,,,21.5 x 12. x 15 cm,
Ấm Điện Thủy Tinh Siêu Tốc Có Điều Chỉnh Nhiệt Độ Lock&Lock EJK341 (1.8L) - Hàng chính hãng,https://tiki.vn/am-dien-thuy-tinh-sieu-toc-co-dieu-chinh-nhiet-do-lock-lock-ejk341-1-8l-hang-chinh-hang-p4701559.html?spid=4701561,,"https://salt.tikicdn.com/cache/750x750/ts/product/0e/a9/c7/f859ea0995229bcc5cd8cf134648373e.jpg 1x, https://salt.tikicdn.com/cache/750x750/ts/product/0e/a9/c7/f859ea0995229bcc5cd8cf134648373e.jpg 2x",550.107,Đồ dùng nhà bếp,Bình đun siêu tốc,LocknLock,,,,20 x 25 x 14 cm,
Quạt đứng Toshiba F- LSA20(H)VN (60W) - Xám - Hàng chính hãng,https://tiki.vn/quat-dung-toshiba-f-lsa20-h-vn-60w-xam-hang-chinh-hang-p3577753.html?spid=3577755,,"https://salt.tikicdn.com/cache/750x750/ts/product/55/93/b4/99dcd744ecd30e81273374bc88d3371f.jpg 1x, https://salt.tikicdn.com/cache/750x750/ts/product/55/93/b4/99dcd744ecd30e81273374bc88d3371f.jpg 2x",953.325,Thiết bị gia đình,Quạt điện,Toshiba,,,Nhựa,Chiều cao thay đổi: 113 -133 cmDài: 40cm,F-LSA20(H)VN
Bình Đun Siêu Tốc 2 lớp Lock&Lock EJK738WHT (1.7 Lít) - Trắng - Hàng chính hãng,https://tiki.vn/binh-dun-sieu-toc-2-lop-lock-lock-ejk738wht-1-7-lit-trang-hang-chinh-hang-p3480333.html?spid=3480335,,"https://salt.tikicdn.com/cache/750x750/media/catalog/producttmp/dc/1e/21/f03a5310917deb98aa86a428783e32ca.jpg 1x, https://salt.tikicdn.com/cache/750x750/media/catalog/producttmp/dc/1e/21/f03a5310917deb98aa86a428783e32ca.jpg 2x",368.190,Đồ dùng nhà bếp,Bình đun siêu tốc,LocknLock,,,,22.8 x 25.5 x 15.4 cm,
Nồi Lẩu Điện Sunhouse SHD4521 (3L) - Hàng chính hãng,https://tiki.vn/noi-lau-dien-sunhouse-shd4521-3l-hang-chinh-hang-p2393139.html?spid=2393141,,"https://salt.tikicdn.com/cache/750x750/ts/product/a3/4a/16/45237645b8889d04e6653af5e9f9dbc3.jpg 1x, https://salt.tikicdn.com/cache/750x750/ts/product/a3/4a/16/45237645b8889d04e6653af5e9f9dbc3.jpg 2x",412.510,Đồ dùng nhà bếp,Nồi điện các loại,Sunhouse,,,,Ngang 33.4 cm - Cao 6.5 cm - Sâu 16.5 cm,
Bình Đun Siêu Tốc Sunhouse HTD1088 (1.8 lít) - Hàng chính hãng,https://tiki.vn/binh-dun-sieu-toc-sunhouse-htd1088-1-8-lit-hang-chinh-hang-p630207.html?spid=630208,,"https://salt.tikicdn.com/cache/750x750/ts/product/62/5b/95/0ec1ad6edcded08559adba89a130032f.jpg 1x, https://salt.tikicdn.com/cache/750x750/ts/product/62/5b/95/0ec1ad6edcded08559adba89a130032f.jpg 2x",142.880,Đồ dùng nhà bếp,Bình đun siêu tốc,Sunhouse,,,,20 x 16 x 24 cm,
